,rent,run,v_task,v_path
1,100.0,10.0,15.299999999999999,300.0
2,100.0,10.0,15.299999999999999,300.0
3,100.0,10.0,15.299999999999999,300.0
4,100.0,10.0,15.299999999999999,300.0
